{
  "TVCL": 0.47554,
  "TVVC": 15.42096,
  "TVQ": 3.30304,
  "TVVP": 53.39442,
  "TVKA": 1.4167,
  "omega": [0.43541, 0.30187, 0.20114, 0.30362, 0.27534],
  "L": [
    [1, 0, 0, 0, 0],
    [0, 1, 0, 0, 0],
    [0, 0, 1, 0, 0],
    [0, 0, 0, 1, 0],
    [0, 0, 0, 0, 1]
  ],
  "sigma_p": 0.30137,
  "Z": [
    [-1.91366, -1.59868, -0.53183, 0.27431, 1.48082, 2.46707, 0.00209, 0.98469, 1.78511, -0.83538, 0.11647, 0.09737, 1.25536, 0.69684, 0.34105, 0.10431, -1.22224, -1.44722, 0.36948, -0.01642, 1.71475, -0.26291, -1.47084, -0.52424],
    [-1.58482, 0.48095, 0.48762, -0.73458, -0.01231, 0.27884, -0.82026, 0.96586, -0.81887, 0.24068, -1.11709, 1.35738, -2.07071, 1.42139, -1.62848, 0.89473, 0.38871, -0.51045, -1.17753, -0.00744, 1.02075, 1.51209, -0.23047, -0.59968],
    [2.24065, -1.22308, 0.36408, -0.84994, 0.58281, 0.96531, -0.22997, 2.07916, 0.7652, 0.82743, 0.19308, -1.70467, 2.53452, -0.83384, -1.38275, 1.56414, 0.68624, 0.81705, 0.01345, 2.56618, -0.43344, -0.63827, -0.46151, 1.36204],
    [-0.09726, -0.44193, 0.76337, 0.61211, -0.85302, 0.34598, -0.56333, 0.65951, 0.03092, -0.08726, -1.62299, 0.8046, -0.84975, -0.42219, -0.02109, 1.41707, -0.79107, -1.51075, 0.27233, -0.10942, 0.57484, -1.72775, 1.2044, -0.31607],
    [0.67582, -0.3727, 0.36713, 0.63623, -0.2235, 0.50003, -0.4635, -0.3708, 1.17267, -1.06787, -0.06652, 0.30379, 1.33848, -0.20255, -0.12297, 0.81733, 2.17457, 1.73786, -0.59365, 0.35003, 0.0257, -0.54098, -0.43098, 1.49969]
  ],
  "TVMTT": 152.67178,
  "TVCIRC0": 6.79189,
  "TVGAMMA": 0.17752,
  "TVALPHA": 0.00043,
  "omega_pd": [0.30159, 0.38284, 0.26824, 0.28982],
  "L_pd": [
    [1, 0, 0, 0],
    [0, 1, 0, 0],
    [0, 0, 1, 0],
    [0, 0, 0, 1]
  ],
  "sigma_p_pd": 0.15511,
  "Z_pd": [
    [-0.19253, -0.99567, -0.22353, -1.0024, -0.60283, -0.02132, -1.05883, -0.99321, 0.93481, -0.38233, 0.22216, -0.83931, -0.44471, 0.85554, -0.6449, -0.56838, -1.07936, 0.80993, -0.74215, -0.42911, 0.31268, 1.48254, 0.46226, 0.64586],
    [-0.27034, 0.24069, 0.47574, 1.06353, 0.62316, 1.50437, 1.39822, 0.79789, -0.47041, 1.26333, -0.67516, 1.55868, -0.74579, 0.4283, 0.10608, 0.89533, -1.05822, -0.77922, -1.21002, -1.89731, -2.22668, 0.5655, -0.25231, 2.05595],
    [0.76553, 0.1099, 0.90215, -0.47966, 0.54636, -1.29942, -0.16399, -0.80008, 0.37182, 0.9706, -1.93712, -0.08777, -0.15197, -1.78212, -0.55922, -1.69384, -0.81654, -1.9092, 1.85743, -0.05409, -0.87356, 0.99471, 0.11005, -0.36665],
    [-2.06196, 1.45999, 0.83976, -0.46277, 1.28548, -1.32707, -0.93934, -0.87855, -1.34004, -0.02679, 0.2353, 0.82274, -0.85243, 0.76921, -0.40314, -0.04693, -0.2062, 0.38857, 1.58475, -0.52978, 0.1832, 0.5648, -0.85335, 0.64516]
  ]
}
