{
  "TVCL": 0.63008,
  "TVVC": 9.76831,
  "TVQ": 1.28307,
  "TVVP": 51.72188,
  "TVKA": 2.20618,
  "omega": [0.41589, 0.27259, 0.28208, 0.23482, 0.24228],
  "L": [
    [1, 0, 0, 0, 0],
    [0, 1, 0, 0, 0],
    [0, 0, 1, 0, 0],
    [0, 0, 0, 1, 0],
    [0, 0, 0, 0, 1]
  ],
  "sigma_p": 0.18173,
  "Z": [
    [-0.08768, 0.19051, -0.57536, 1.07909, -0.07195, 1.20883, 0.92758, -2.32085, -0.87347, -1.22586, -1.06879, -0.5937, -0.24556, 0.83302, 0.70653, -1.01512, -1.19129, 0.73348, -1.02559, -0.69241, 0.77828, -2.59608, -0.6643, -0.73947],
    [0.27826, 1.39517, 0.54586, -1.64936, -0.22441, -1.30056, 0.7476, -1.42308, 1.31481, 0.00662, -0.48872, 0.30804, 0.57011, -0.07806, -0.50026, -2.18919, 0.27788, 0.95861, -1.44821, -0.67385, 0.22099, 0.47262, 1.96806, 1.46554],
    [-0.50413, 0.14947, -0.70671, 0.29304, -1.07577, 1.10118, 1.4362, -0.33684, -1.31068, 0.71325, -0.70042, -0.6616, -0.97875, -1.08908, -0.63274, 0.50085, 0.19845, -0.40216, 0.11739, -0.16756, -1.724, -1.26009, -0.29059, -0.34463],
    [0.31623, -1.1225, 0.50193, -2.32426, -0.46028, -0.03322, -0.0896, 1.18265, 0.02983, 0.80753, -0.13764, -1.03834, -0.39847, 0.45688, 1.4505, 0.04272, -0.67555, 0.10104, -2.11717, -0.31842, -0.83742, -0.97583, -0.00456, -1.61186],
    [-0.38894, 2.13699, 0.20229, -1.5603, 1.05599, -1.14796, 0.17602, -0.76244, -0.25721, 0.08608, 0.92115, -0.65607, 1.67619, -1.37213, 1.43615, 1.40159, -2.17605, 1.19727, 0.02816, -1.16704, -1.29006, 1.09367, -1.63246, 0.1776]
  ],
  "TVMTT": 80.07133,
  "TVCIRC0": 4.01939,
  "TVGAMMA": 0.12136,
  "TVALPHA": 0.00031,
  "omega_pd": [0.38393, 0.22782, 0.28924, 0.22684],
  "L_pd": [
    [1, 0, 0, 0],
    [0, 1, 0, 0],
    [0, 0, 1, 0],
    [0, 0, 0, 1]
  ],
  "sigma_p_pd": 0.38062,
  "Z_pd": [
    [1.04068, -0.02757, 0.12264, 0.76669, 2.41548, -2.52303, -1.57785, -0.05517, -0.60975, -0.2374, -0.9345, -0.37837, 0.17056, -1.30537, 0.82192, -0.26779, 0.18053, 1.31764, -0.82945, -1.42137, 0.47103, 0.53982, 1.10385, -0.09515],
    [0.56053, 1.2501, 0.93613, 1.2086, -1.69886, -0.24665, -1.30803, 1.05436, -1.00376, -0.24318, -0.59294, 0.30908, -1.45283, 0.75124, -0.57567, 1.18107, 0.01287, -0.21326, -2.21872, 0.12277, -0.29703, 0.48817, -1.63604, -1.19878],
    [-0.15257, 0.66285, -0.8802, -0.28755, 0.75206, 1.44787, -0.0599, 0.50417, -0.46124, -0.62717, -0.92594, -1.67983, -1.14191, 0.3684, -1.31763, -0.96986, -0.86223, -1.38131, 1.59773, 0.66059, -0.25472, -1.27068, 0.22888, -0.44706],
    [-0.34436, 2.45183, 1.47248, 0.31388, 0.22414, -1.04722, 0.41906, 0.28492, 0.21071, 0.3365, 1.85532, 1.01877, 0.41919, -0.36573, 1.01266, 0.4785, -0.20793, 0.24335, -0.24857, -0.74022, -0.58451, -1.47806, 0.88007, -1.95488]
  ]
}
