{
  "TVCL": 0.48562,
  "TVVC": 20.15674,
  "TVQ": 3.48962,
  "TVVP": 33.78318,
  "TVKA": 1.31676,
  "omega": [0.32581, 0.34849, 0.36544, 0.26931, 0.30277],
  "L": [
    [1, 0, 0, 0, 0],
    [0, 1, 0, 0, 0],
    [0, 0, 1, 0, 0],
    [0, 0, 0, 1, 0],
    [0, 0, 0, 0, 1]
  ],
  "sigma_p": 0.28489,
  "Z": [
    [1.63495, -0.22097, 0.36178, -1.86125, 0.6556, -1.2941, -0.62075, -0.70544, -0.25929, -0.24342, 0.65965, -1.14515, -0.31438, 0.77651, -1.49662, -1.48647, -0.47021, 3.47144, -0.29794, 0.35758, -0.50072, -0.78161, -1.98488, 1.05925],
    [-0.16341, 1.27812, 0.13723, -0.49421, 0.73834, 0.4413, -0.37973, -0.03913, 1.69653, 0.08739, 0.73024, 0.98479, 0.69937, -0.18804, 1.02048, -1.28931, 1.41594, 1.33606, 0.41009, 0.7757, 1.14762, -0.19508, -1.12373, 0.40634],
    [0.44262, -0.95274, -0.35838, 0.55527, 0.69285, -1.00159, 1.17658, 1.04338, -1.8089, 1.37264, 0.21738, 1.0602, -1.23589, 1.92248, -0.04382, 0.24925, 0.9107, 1.64394, -2.05478, 0.33828, -0.02691, -0.62637, -1.51717, 0.78216],
    [-0.31359, -1.03207, 0.59357, -0.72577, 0.31829, -0.37402, -1.76372, 0.57222, -1.6618, 1.11155, -0.61459, -1.10024, 1.76631, 1.2847, -1.42233, 1.46446, -1.1909, 1.02717, 1.77929, -1.68953, 0.46873, 1.05119, 1.39324, 0.49092],
    [1.30867, -0.21235, -0.43527, -1.16517, -0.88635, 0.38327, 0.55411, -1.38406, -0.88832, 0.3773, 1.0728, -0.0831, 1.73554, 2.39096, 0.92577, -0.16601, -1.17644, -1.87203, 1.48507, -1.68705, -0.71501, 0.67339, 2.24582, 0.91956]
  ],
  "TVMTT": 83.73853,
  "TVCIRC0": 3.6461,
  "TVGAMMA": 0.22072,
  "TVALPHA": 0.00026,
  "omega_pd": [0.24303, 0.33424, 0.47045, 0.50388],
  "L_pd": [
    [1, 0, 0, 0],
    [0, 1, 0, 0],
    [0, 0, 1, 0],
    [0, 0, 0, 1]
  ],
  "sigma_p_pd": 0.2958,
  "Z_pd": [
    [-1.52682, -0.6112, -0.664, 0.55298, -0.50871, -0.67753, 1.4883, 0.86049, -0.94743, -0.39587, -2.10232, 0.40646, -0.80968, 0.49724, -0.00173, -0.63075, 1.45167, 1.36294, -0.58405, -0.24076, -1.35208, 1.56892, -0.92377, -1.03655],
    [-0.73096, -0.78677, 1.02314, 3.0788, 1.31852, 1.59761, 1.64667, -0.31039, -0.44487, -0.26931, 0.98625, 0.31559, -1.01999, -0.96901, -0.67693, -0.90884, -0.15963, -0.21341, 1.18583, -0.60711, 0.43438, -0.88924, 0.63382, 0.44352],
    [2.3589, 1.9766, -0.54362, -0.76617, -0.13816, 0.86696, 0.79887, -0.9667, 1.51291, 0.00433, 0.49437, -0.81128, -0.05974, 0.22179, -0.55686, -0.30043, -0.78002, 0.2693, 0.25747, -0.03135, -0.57749, -2.53256, 0.76781, -2.38249],
    [-1.2825, -0.36386, -0.15154, -0.7112, -2.23702, -3.82097, 0.52272, -1.06844, 1.44557, -0.80451, 0.20453, -0.07446, 0.67564, -0.13943, 0.72187, 0.81345, -0.43975, -0.58027, -1.39446, 0.75017, 1.41361, 0.16441, 0.9218, -1.28895]
  ]
}
