{
  "TVCL": 0.45687,
  "TVVC": 22.04081,
  "TVQ": 1.62322,
  "TVVP": 24.50903,
  "TVKA": 0.82535,
  "omega": [0.50883, 0.27356, 0.32888, 0.31386, 0.42377],
  "L": [
    [1, 0, 0, 0, 0],
    [0, 1, 0, 0, 0],
    [0, 0, 1, 0, 0],
    [0, 0, 0, 1, 0],
    [0, 0, 0, 0, 1]
  ],
  "sigma_p": 0.22223,
  "Z": [
    [-0.67712, 1.15904, 0.07185, -0.93838, -1.29141, 0.37166, -2.78572, 1.66406, -0.91191, 1.08388, 0.11093, -0.17277, 1.04483, 0.24254, -2.7409, -2.91692, -1.46968, 0.18772, 0.56604, -0.62805, 0.91706, 0.2014, -1.54751, -0.90825],
    [-0.28428, -1.59096, -0.69342, 0.30016, -1.34789, 0.85193, 1.7137, 0.5817, 0.45662, -1.65703, 0.21002, 0.3845, -0.87231, 0.60336, -0.11947, -1.75438, 0.37787, 2.19116, -2.18892, -0.85295, 0.03256, 0.19948, 0.24193, -1.44554],
    [-0.23315, -0.55602, -1.30906, 0.90025, -0.24515, 0.09362, -0.07708, 0.88728, 0.84167, 0.7427, 0.70044, 1.19239, -0.62394, 0.97244, 0.73154, 0.60754, -0.03203, -0.38279, 2.50916, 0.84029, -2.11931, -2.00662, -0.20751, 0.43602],
    [-2.12941, 1.15847, -0.52381, -2.78416, 0.04544, -0.05559, -1.70277, -0.69191, -0.17598, -1.13648, 0.32789, -0.00061, -1.06873, -1.96671, -0.60077, -0.21537, -0.62647, -1.28399, 1.42642, -1.54413, -0.45747, -1.78661, -0.71675, 0.03293],
    [-0.46525, -0.49881, -0.3491, -0.37949, -0.19369, -1.74256, 1.35372, -0.44687, 2.38048, 2.67143, 0.34472, -1.07897, 0.59738, -1.50094, 2.95835, 0.74484, 0.66883, 0.40764, 1.19247, -0.48571, 0.45926, 1.61114, -0.60645, 0.9266]
  ],
  "TVMTT": 126.77673,
  "TVCIRC0": 4.54001,
  "TVGAMMA": 0.23067,
  "TVALPHA": 0.00029,
  "omega_pd": [0.30644, 0.38587, 0.29002, 0.55267],
  "L_pd": [
    [1, 0, 0, 0],
    [0, 1, 0, 0],
    [0, 0, 1, 0],
    [0, 0, 0, 1]
  ],
  "sigma_p_pd": 0.17295,
  "Z_pd": [
    [-0.88554, -0.10755, -0.82355, 1.8438, -0.52889, 0.46329, -0.43724, -1.6463, 2.08755, 0.15136, -0.38862, 0.4215, 0.19032, -0.0824, 0.82308, -0.40244, -0.48578, -0.64954, -0.04517, -0.35865, 0.52799, -1.49691, 0.14744, 2.27767],
    [-0.38733, 1.09604, 1.30426, 1.23792, 0.31773, -2.9368, -0.70656, 0.64185, 0.11047, -1.13663, 0.99932, 0.48704, -0.17859, -0.51969, -0.42115, 2.03017, -1.36179, -0.63962, 0.03901, -1.11713, -0.68461, -0.78212, -0.73171, 0.41406],
    [-0.58893, 0.31649, 0.49258, 0.47697, -0.89077, 1.47002, -0.10001, 0.86691, -0.15814, 0.04288, 1.08895, -1.57254, -0.2043, -0.84883, -0.42154, 1.16004, 0.12374, 0.65552, -1.71298, 0.69491, 0.32011, -1.26612, -1.88952, 0.70064],
    [-0.6818, 0.83155, 0.48325, -0.62033, -0.20905, 0.0942, 1.199, 1.76634, -2.11627, 0.27241, -0.44983, -0.95471, 1.2994, -0.88954, 0.11942, -0.70195, -0.35573, 1.39619, 1.10413, -0.88815, 0.26888, 0.00276, -0.66644, 1.05762]
  ]
}
